{"cameraMode":{"drawMode":0,"name":"Shaded","section":"Shading Mode"},"sceneLighting":true,"audioPlay":false,"sceneViewState":{"showFog":true,"showMaterialUpdate":false,"showSkybox":true,"showFlares":true,"showImageEffects":true,"showParticleSystems":true},"in2DMode":false,"pivot":{"x":54.69300079345703,"y":-5.576658248901367,"z":63.68403625488281},"rotation":{"x":-0.061123982071876529,"y":-0.3298761248588562,"z":0.02140900120139122,"w":-0.9418145418167114},"size":42.06145095825195,"orthographic":false}