{"cameraMode":{"drawMode":0,"name":"Shaded","section":"Shading Mode"},"sceneLighting":true,"audioPlay":false,"sceneViewState":{"showFog":true,"showMaterialUpdate":false,"showSkybox":true,"showFlares":true,"showImageEffects":true,"showParticleSystems":true},"in2DMode":false,"pivot":{"x":-5.5860090255737309,"y":3.600407123565674,"z":-0.8202693462371826},"rotation":{"x":-0.12797538936138154,"y":-0.7054350972175598,"z":0.13187724351882935,"w":-0.684576690196991},"size":2.3203420639038088,"orthographic":false}