{"cameraMode":{"drawMode":0,"name":"Shaded","section":"Shading Mode"},"sceneLighting":true,"audioPlay":false,"sceneViewState":{"showFog":true,"showMaterialUpdate":false,"showSkybox":true,"showFlares":true,"showImageEffects":true,"showParticleSystems":true},"in2DMode":false,"pivot":{"x":0.006438225507736206,"y":0.5453929901123047,"z":8.355733871459961},"rotation":{"x":-0.060271430760622028,"y":0.009578441269695759,"z":-0.0005791817093268037,"w":-0.9981581568717957},"size":6.0436859130859379,"orthographic":false}