{"cameraMode":{"drawMode":0,"name":"Shaded","section":"Shading Mode"},"sceneLighting":true,"audioPlay":false,"sceneViewState":{"showFog":true,"showMaterialUpdate":false,"showSkybox":true,"showFlares":true,"showImageEffects":true,"showParticleSystems":true},"in2DMode":false,"pivot":{"x":-0.6428874731063843,"y":2.059539794921875,"z":-4.7765092849731449},"rotation":{"x":-0.14819368720054627,"y":-0.23866596817970277,"z":0.036878373473882678,"w":-0.9590448141098023},"size":0.08026957511901856,"orthographic":false}